0, sometask, 1/31/24, 12:00pm, this is some description for my task, false, 0, sometask, 1/31/24, 12:00pm, this is some description for my task, false, 
0, sometask, 1/31/24, 12:00pm, this is some description for my task, false, 
0, sometask, 1/31/24, 12:00pm, this is some description for my task, false, 
0, sometask, 1/31/24, 12:00pm, this is some description for my task2, false, 
0, sometask, 1/31/24, 12:00pm, this is some description for my task2, false, 
0, sometask, 1/31/24, 12:00pm, this is some description for my task2, false, 
0, sometask, 1/31/24, 12:00pm, this is some description for my task2, false, 
0, sometask, 1/31/24, 11:59pm, this is some description for my task2, false, 
0, sometask, 1/31/24, 11:59pm, this is some description for my task2, false, 
0, sometask, 1/31/24, 11:59pm, this is some description for my task2, false, 
